<?xml version="1.0"?>
<!--
/**
 * Copyright © Magento, Inc. All rights reserved.
 * See COPYING.txt for license details.
 */
-->
<schema xmlns:xsi="http://www.w3.org/2001/XMLSchema-instance"
        xsi:noNamespaceSchemaLocation="urn:magento:framework:Setup/Declaration/Schema/etc/schema.xsd">
    <table name="baytonia_reports_catalogimport_odoo">
        <column xsi:type="int" name="id" unsigned="true" identity="true" nullable="false" comment="Entity id"/>
        <column xsi:type="varchar" name="user" nullable="false" length="255" comment="User name"/>
        <column xsi:type="varchar" name="importedfile"  nullable="false" comment="Imported file"/>
        <column xsi:type="varchar" name="reportfile"  nullable="false" comment="Report file"/>
        <column xsi:type="varchar" name="status"  nullable="false" comment="Report Status"/>
        <column xsi:type="timestamp" name="time_occurred"  default="CURRENT_TIMESTAMP" comment="Time of report"/>
        <constraint xsi:type="primary" referenceId="PRIMARY">
            <column name="id"/>
        </constraint>
    </table>
</schema>

