<?xml version="1.0"?>
<config xmlns:xsi="http://www.w3.org/2001/XMLSchema-instance"
        xsi:noNamespaceSchemaLocation="urn:magento:framework:ObjectManager/etc/config.xsd">
    <type name="Magento\Framework\Console\CommandListInterface">
        <arguments>
            <argument name="commands" xsi:type="array">
                <item name="commandexample_somecommand" xsi:type="object">Baytonia\BulkProductSyncToOddo\Console\Command\Test</item>
            </argument>
        </arguments>
    </type>
</config>
